Date,Av­er­age views per view­er,Unique view­ers,Im­pres­sions click-through rate (%),Im­pres­sions,Com­ments ad­ded,Shares,Likes (vs. dis­likes) (%),Dis­likes,Sub­scribers lost,Sub­scribers gained,Likes,Av­er­age per­cent­age viewed (%),Videos pub­lished,Videos ad­ded,Sub­scribers,Views,Watch time (hours),Av­er­age view dur­a­tion,Your es­tim­ated rev­en­ue (USD)
Total,0,0,4.51,1194713114,298430,162014,98.66,54174,200304,863740,4003186,35.95,87,129,663436,72661114,5615795.5843,0:04:38,28632.987
2020-05-15,1.7097,4667,6.05,94287,38,22,98.07,8,42,261,407,26.32,0,0,219,7979,426.8278,0:03:12,1.112
2020-05-16,1.7084,6793,6.41,130675,206,52,99.14,9,66,278,1037,26.96,1,1,212,11605,622.2458,0:03:13,1.61
2020-05-17,1.6535,7131,5.5,157867,87,46,99,7,53,334,693,25.02,0,0,281,11791,595.0406,0:03:01,1.343
2020-05-18,1.713,6004,5.86,126424,56,41,98.42,8,34,373,498,25.38,0,0,339,10285,528.5037,0:03:04,1.063
2020-05-19,1.6935,5938,6.02,122627,63,25,98.48,7,43,301,455,25.35,0,0,258,10056,495.851,0:02:57,1.584
2020-05-20,1.6562,5631,5.91,116376,41,34,98.34,7,46,294,414,25.42,0,0,248,9326,465.6938,0:02:59,1.212
2020-05-21,1.7233,4934,5.78,106140,58,31,99.48,2,38,312,383,24.85,0,0,274,8503,434.4338,0:03:03,0.998
2020-05-22,1.7538,5053,6.07,106199,42,28,97.9,9,41,298,420,25.37,0,0,257,8862,459.9868,0:03:06,0.913
2020-05-23,1.6755,5652,5.87,118409,43,39,97.66,12,29,323,500,23.56,0,0,294,9470,469.3522,0:02:58,1.015
2020-05-24,1.6936,5062,5.67,110660,50,39,98.96,4,48,280,382,24.6,0,0,232,8573,420.7766,0:02:56,1.247
2020-05-25,1.6847,5011,5.83,103319,53,19,99.47,2,48,269,378,23.94,0,0,221,8442,400.7748,0:02:50,1.02
2020-05-26,1.6692,5269,5.55,113822,34,39,97,12,56,275,388,24.04,0,0,219,8795,429.6926,0:02:55,1.203
2020-05-27,1.7153,4999,5.85,107762,34,45,99.22,3,39,278,380,25.63,0,0,239,8575,434.081,0:03:02,1.32
2020-05-28,1.683,4325,5.92,88842,26,26,98.35,6,36,222,357,25.37,0,0,186,7279,366.4584,0:03:01,1.161
2020-05-29,1.7466,4440,5.71,98966,41,26,97.94,7,19,261,332,25.46,0,0,242,7755,404.0833,0:03:07,1.311
2020-05-30,1.7205,4723,5.73,103892,33,32,97.34,10,40,262,366,24.6,0,0,222,8126,415.7146,0:03:04,1.196
2020-05-31,1.7571,4834,5.58,110766,35,45,96.72,13,38,283,383,23.79,0,0,245,8494,431.6475,0:03:02,1.377
2020-06-01,1.7337,4457,5.59,100471,42,33,97.88,9,53,287,416,23.94,0,0,234,7727,396.059,0:03:04,1.389
2020-06-02,1.7361,4449,5.87,94957,24,42,98.94,4,52,271,372,24.23,0,0,219,7724,398.0422,0:03:05,1.363
2020-06-03,1.888,3590,5.79,79966,41,31,97.77,7,37,217,307,24.29,0,0,180,6778,346.1903,0:03:03,1.129
2020-06-04,1.7606,3755,5.78,81303,36,21,97.69,7,43,226,296,23.98,0,0,183,6611,340.3803,0:03:05,1.246
2020-06-05,1.8594,3115,5.94,68704,32,29,98.55,4,34,194,272,24.78,0,0,160,5792,301.8998,0:03:07,1.259
2020-06-06,1.8519,3153,6.05,70042,28,17,97.49,6,34,191,233,24.5,0,0,157,5839,297.5512,0:03:03,1.264
2020-06-07,1.7576,4134,6.27,79082,138,28,99.16,5,55,200,591,27.18,1,1,145,7266,397.4962,0:03:16,1.394
2020-06-08,1.734,5207,6.29,101703,145,33,98.92,8,63,221,735,27.6,0,0,158,9029,491.9309,0:03:16,1.803
2020-06-09,1.7675,4048,6.01,87516,54,23,98.39,6,53,182,366,25.84,0,0,129,7155,369.8243,0:03:06,1.355
2020-06-10,1.7541,3672,6.05,77960,46,28,98.13,7,39,245,367,24.15,0,0,206,6441,324.0053,0:03:01,1.387
2020-06-11,1.8583,3210,6.15,68850,37,28,97.89,6,43,172,279,25.21,0,0,129,5965,309.039,0:03:06,1.277
2020-06-12,1.8337,2826,6.45,57325,32,27,99.12,2,38,134,226,25.01,0,0,96,5182,266.5867,0:03:05,1.097
2020-06-13,1.8118,2938,6.2,62797,26,35,97.21,8,36,151,279,24.9,0,0,115,5323,273.1172,0:03:04,1.201
2020-06-14,1.7952,2763,6.14,59811,26,22,98.43,4,38,164,251,24.33,0,0,126,4960,248.5753,0:03:00,1.211
2020-06-15,1.9046,2820,6.41,61527,16,26,98.25,4,32,158,225,24.44,0,0,126,5371,273.7293,0:03:03,1.289
2020-06-16,1.8689,2936,6.24,64339,28,25,97.51,8,32,192,313,25.21,0,0,160,5487,295.2624,0:03:13,1.697
2020-06-17,1.8297,2836,6.05,62488,24,20,99.62,1,45,183,263,25.71,0,0,138,5189,276.8792,0:03:12,1.44
2020-06-18,1.9736,2574,6.21,58292,34,20,99.52,1,47,139,209,25.92,0,0,92,5080,270.4937,0:03:11,1.605
2020-06-19,1.9019,2537,6.45,54622,30,27,98.7,3,44,168,227,25.42,0,0,124,4825,253.5337,0:03:09,1.515
2020-06-20,1.8986,2633,6.42,55247,24,19,97.5,6,38,149,234,25.89,0,0,111,4999,267.4172,0:03:12,1.598
2020-06-21,1.8624,2449,6.32,53407,28,35,98.35,3,35,117,179,25.23,0,0,82,4561,231.285,0:03:02,1.062
2020-06-22,1.9458,2713,6.58,60121,21,16,96.54,8,35,165,223,25.39,0,0,130,5279,274.735,0:03:07,1.149
2020-06-23,1.9338,2702,6.57,58311,21,17,98.6,3,42,187,211,24.31,0,0,145,5225,265.2292,0:03:02,1.263
2020-06-24,1.8562,2782,6.27,60366,28,26,98.51,4,36,153,265,24.86,0,0,117,5164,264.5575,0:03:04,1.517
2020-06-25,1.878,2648,6.62,55796,21,29,97.66,5,45,168,209,25.03,0,0,123,4973,254.5249,0:03:04,1.248
2020-06-26,1.8755,2547,6.78,52066,14,19,95.91,9,39,157,211,24.4,0,0,118,4777,239.5381,0:03:00,1.19
2020-06-27,1.833,2539,6.5,52793,27,23,99.19,2,32,156,245,25.35,0,0,124,4654,242.7045,0:03:07,1.511
2020-06-28,1.8415,2423,6.72,48523,32,15,96.26,8,37,142,206,24.13,0,0,105,4462,223.3455,0:03:00,1.23
2020-06-29,1.834,2488,6.32,52940,22,11,97.96,4,39,149,192,24.25,0,0,110,4563,226.2945,0:02:58,1.355
2020-06-30,1.8512,2809,6.74,58161,26,20,97.1,7,59,174,234,24.73,0,0,115,5200,260.9569,0:03:00,1.123
2020-07-01,1.7575,3303,6.53,68429,28,16,98.89,3,44,191,268,23.31,0,0,147,5805,280.8374,0:02:54,1.923
2020-07-02,1.8013,3125,6.41,65258,34,46,96.68,9,50,212,262,24.41,0,0,162,5629,280.434,0:02:59,0.874
2020-07-03,1.804,2903,6.52,59711,18,16,96.85,7,30,173,215,24.56,0,0,143,5237,258.3575,0:02:57,0.767
2020-07-04,1.8724,2861,6.64,59331,24,38,99.12,2,49,166,225,24.89,0,0,117,5357,267.4103,0:02:59,1.17
2020-07-05,1.8321,2936,6.42,63706,28,30,99.28,2,61,202,277,25.69,0,0,141,5379,279.1879,0:03:06,1.035
2020-07-06,1.889,2873,6.77,59595,27,40,97.22,7,48,156,245,24.64,0,0,108,5427,272.8301,0:03:00,0.886
2020-07-07,1.8748,2795,6.42,58512,29,20,98.25,4,32,163,225,23.98,0,0,131,5240,256.2448,0:02:56,1.171
2020-07-08,1.8702,2836,6.54,59863,21,52,97.62,6,41,165,246,24.14,0,0,124,5304,258.776,0:02:55,1.361
2020-07-09,1.8264,2960,6.45,62032,29,24,97.97,5,60,174,241,23.66,0,0,114,5406,259.9257,0:02:53,1.328
2020-07-10,1.8059,2669,6.37,56230,12,18,97.8,5,42,123,222,25.15,0,0,81,4820,245.2534,0:03:03,1.395
2020-07-11,1.8446,2594,6.52,55096,23,17,98.19,4,58,179,217,25.05,0,0,121,4785,244.3758,0:03:03,1.571
2020-07-12,1.8565,2669,6.3,58411,21,17,97.79,5,40,152,221,25.16,0,0,112,4955,252.6909,0:03:03,1.096
2020-07-13,1.7993,2761,6.23,59057,27,18,99.56,1,43,148,225,25,0,0,105,4968,252.3084,0:03:02,0.87
2020-07-14,1.8056,2556,6.28,54046,25,20,98.42,3,40,147,187,24.6,0,0,107,4615,228.5569,0:02:58,1.036
2020-07-15,1.7182,3176,6.47,58704,133,18,98.58,8,52,143,557,25.67,1,1,91,5457,257.7573,0:02:50,1.53
2020-07-16,1.7511,3451,6.11,70758,83,28,98.6,7,40,140,492,26.68,0,0,100,6043,292.2376,0:02:54,1.778
2020-07-17,1.7608,2788,6.2,58682,37,24,98.83,3,41,139,254,25.2,0,0,98,4909,240.9875,0:02:56,1.49
2020-07-18,1.8294,2684,6.4,55330,33,32,100,0,27,149,228,25.69,0,0,122,4910,245.0288,0:02:59,1.037
2020-07-19,1.7493,3027,6.13,65677,38,28,97.64,6,40,161,248,24.84,0,0,121,5295,253.3863,0:02:52,1.397
2020-07-20,1.8735,2728,5.99,63762,21,26,95.22,11,30,163,219,25.28,0,0,133,5111,248.6442,0:02:55,1.156
2020-07-21,1.7852,2724,5.88,60345,27,16,97.5,5,39,147,195,25.83,0,0,108,4863,249.1709,0:03:04,1.252
2020-07-22,1.8465,2599,6.1,58375,42,33,97.46,6,38,132,230,24.39,0,0,94,4799,226.7887,0:02:50,1.289
2020-07-23,1.8361,2722,5.98,62094,36,22,98.26,4,44,163,226,24.31,0,0,119,4998,239.0404,0:02:52,1.226
2020-07-24,1.772,2658,5.77,59732,23,16,97.72,5,45,140,214,25.29,0,0,95,4710,232.2836,0:02:57,1.1
2020-07-25,1.7133,3206,5.79,73341,35,21,98.39,5,38,178,305,26.11,0,0,140,5493,276.9768,0:03:01,1.404
2020-07-26,1.7867,3090,5.73,71039,35,13,96.98,9,36,181,289,24.79,0,0,145,5521,269.9738,0:02:56,1.064
2020-07-27,1.8584,2790,5.67,68343,46,48,96.74,10,36,158,297,25.28,0,0,122,5185,254.4625,0:02:56,1.167
2020-07-28,1.7726,2836,5.98,62697,43,29,97.47,6,48,169,231,26.83,0,0,121,5027,265.485,0:03:10,1.236
2020-07-29,1.7773,2681,5.87,59939,27,21,99.09,2,39,163,217,25.69,0,0,124,4765,237.3186,0:02:59,1.157
2020-07-30,1.742,2686,5.97,58340,39,19,97.18,6,41,138,207,25.24,0,0,97,4679,230.6067,0:02:57,1.083
2020-07-31,1.7655,2674,5.9,59682,21,10,95.73,9,48,128,202,25.98,0,0,80,4721,242.6277,0:03:05,1.087
2020-08-01,1.8335,2517,6.35,54497,26,31,99.55,1,40,142,219,24.61,0,0,102,4615,222.8721,0:02:53,0.902
2020-08-02,1.6463,2197,5.57,48558,17,9,97.75,4,37,105,174,25.71,0,0,68,3617,181.9422,0:03:01,0.771
2020-08-03,1.7427,2184,6.19,47482,27,14,97.95,4,23,116,191,24.11,0,0,93,3806,177.3006,0:02:47,0.883
2020-08-04,1.8578,2334,6.21,53145,23,23,99.07,2,39,106,214,25.66,0,0,67,4336,217.0998,0:03:00,1.323
2020-08-05,1.7915,2235,5.85,50226,25,22,97.3,5,32,105,180,24.49,0,0,73,4004,193.0641,0:02:53,0.875
2020-08-06,1.8631,2345,6.24,51793,21,19,97.51,5,46,126,196,25.51,0,0,80,4369,216.3408,0:02:58,0.938
2020-08-07,1.8627,2374,6.24,52925,29,27,98.96,2,42,120,190,26.03,0,0,78,4422,225.5358,0:03:03,1.019
2020-08-08,1.8939,2470,6.03,57694,23,22,97.6,6,40,143,244,25.57,0,0,103,4678,236.299,0:03:01,1.269
2020-08-09,1.8,2535,6.15,57690,27,30,95.47,11,59,162,232,25.98,0,0,103,4563,230.7383,0:03:02,1.201
2020-08-10,1.8234,2531,6.19,56478,22,16,99.5,1,43,152,198,26.36,0,0,109,4615,236.6916,0:03:04,1.241
2020-08-11,1.8893,2503,6.1,59210,32,26,97.57,6,45,133,241,24.53,0,0,88,4729,228.9322,0:02:54,1.094
2020-08-12,1.8517,2617,6.19,59124,26,14,99.11,2,43,151,222,25.58,0,0,108,4846,243.1083,0:03:00,1.327
2020-08-13,1.8156,2918,5.91,66805,35,49,99.31,2,49,167,287,25.56,0,0,118,5298,270.6887,0:03:03,1.355
2020-08-14,1.8458,2723,6.01,62239,12,44,98.63,4,53,161,288,24.91,0,0,108,5026,246.0164,0:02:56,1.318
2020-08-15,1.7984,2664,5.98,60079,24,28,96.79,7,46,144,211,25.8,0,0,98,4791,243.3794,0:03:02,1.101
2020-08-16,1.804,2822,5.95,64687,27,32,97.73,6,45,158,258,25.31,0,0,113,5091,260.1721,0:03:03,1.211
2020-08-17,1.8274,2850,6.12,63992,29,34,97.35,6,52,164,220,25.34,0,0,112,5208,260.7648,0:03:00,1.335
2020-08-18,1.8147,2935,5.85,68322,22,25,98.79,3,40,178,244,24.9,0,0,138,5326,262.6182,0:02:57,1.453
2020-08-19,1.787,2774,6.04,62944,21,37,96.2,10,49,166,253,24.9,0,0,117,4957,245.7581,0:02:58,1.075
2020-08-20,1.8196,2949,5.88,68586,33,43,98.35,4,48,168,239,25.18,0,0,120,5366,271.4484,0:03:02,1.069
2020-08-21,1.7982,2938,5.82,67281,49,20,96.69,8,40,181,234,24.59,0,0,141,5283,262.3048,0:02:58,1.001
2020-08-22,1.7943,2810,5.79,65493,18,25,96,8,54,149,192,23.7,0,0,95,5042,236.6194,0:02:48,0.889
2020-08-23,1.7776,3084,6.08,69259,38,31,96.21,11,41,180,279,24.06,0,0,139,5482,267.5097,0:02:55,1.13
2020-08-24,1.7393,2988,5.98,65886,23,21,96.98,8,49,169,257,23.43,0,0,120,5197,245.0814,0:02:49,0.957
2020-08-25,1.761,2916,5.91,64235,22,26,99.22,2,42,184,254,23.6,0,0,142,5135,243.7454,0:02:50,0.971
2020-08-26,1.7671,2748,5.77,62830,41,20,99.13,2,49,140,228,24.11,0,0,91,4856,234.5458,0:02:53,1.158
2020-08-27,1.745,2918,6.01,64024,26,19,98.16,4,42,175,213,23.97,0,0,133,5092,248.7347,0:02:55,0.976
2020-08-28,1.8217,2760,5.72,64379,26,25,98,5,45,151,245,23.61,0,0,106,5028,239.0047,0:02:51,1.43
2020-08-29,1.8179,3020,5.99,68874,42,35,98.11,5,60,164,259,23.87,0,0,104,5490,262.6499,0:02:52,1.136
2020-08-30,1.7301,3175,5.46,76481,28,20,97.9,6,59,205,280,23.63,0,0,146,5493,268.6114,0:02:56,1.468
2020-08-31,1.6966,3342,5.45,80154,23,28,96.94,9,39,195,285,24.13,0,0,156,5670,281.0401,0:02:58,1.438
2020-09-01,1.704,3703,5.4,89412,26,23,98.75,4,55,229,315,23.65,0,0,174,6310,310.011,0:02:56,1.545
2020-09-02,1.7296,3565,5.69,82419,40,32,99.14,3,48,243,344,23.68,0,0,195,6166,305.4844,0:02:58,1.532
2020-09-03,1.6349,9602,6.96,162769,183,40,99.32,11,101,369,1602,30.79,1,1,268,15698,910.9613,0:03:28,4.096
2020-09-04,1.6092,9930,6.89,182250,78,55,98.71,13,69,346,997,28.86,0,0,277,15979,854.6027,0:03:12,4.233
2020-09-05,1.6086,12425,6.86,231165,56,62,97.47,29,78,420,1115,28.39,0,0,342,19987,1038.3357,0:03:07,4.248
2020-09-06,1.5435,14690,6.96,264697,69,62,98,27,97,550,1322,28.87,0,0,453,22674,1177.9374,0:03:07,4.607
2020-09-07,1.583,17556,6.95,324371,72,79,97.94,32,80,672,1522,28.55,0,0,592,27791,1424.2577,0:03:04,5.325
2020-09-08,1.5973,18522,6.5,356293,349,135,99,26,101,651,2586,29.06,1,1,550,29586,1565.3145,0:03:10,6.642
2020-09-09,1.7199,8272,5.24,199193,105,83,98.97,11,62,358,1056,28.62,0,0,296,14227,779.5672,0:03:17,4.089
2020-09-10,1.6576,8170,4.83,209887,69,66,99.04,9,69,386,928,27,0,0,317,13543,708.8375,0:03:08,4.227
2020-09-11,1.6952,5990,4.91,151765,62,48,98.8,8,67,293,661,26.65,0,0,226,10154,523.0986,0:03:05,3.571
2020-09-12,1.6546,5541,5.26,129249,50,33,98.9,6,38,265,537,26.25,0,0,227,9168,465.1918,0:03:02,3.526
2020-09-13,1.7344,4668,5.24,111689,51,54,98.42,8,51,246,498,26.4,0,0,195,8096,413.1193,0:03:03,2.729
2020-09-14,1.7163,4427,5.45,101369,50,39,98.65,6,52,215,437,26.59,0,0,163,7598,388.4744,0:03:04,2.701
2020-09-15,1.7535,4106,5.62,92104,40,30,98.92,4,57,219,367,26.93,0,0,162,7200,372.0521,0:03:06,2.533
2020-09-16,1.6017,17336,7.56,265851,557,131,98.56,39,97,559,2671,36.83,1,1,462,27767,2284.7321,0:04:56,12.261
2020-09-17,1.5626,24093,6.63,420721,334,153,98.51,39,123,715,2574,35.09,0,0,592,37648,2901.9939,0:04:37,17.771
2020-09-18,1.4925,40355,6.4,681899,384,295,97.92,75,126,1396,3527,33.43,0,0,1270,60229,4497.6038,0:04:28,27.744
2020-09-19,1.4971,39191,6.11,676011,312,292,97.7,82,132,1328,3483,31.1,0,0,1196,58671,4000.0814,0:04:05,24.431
2020-09-20,1.5759,32900,6.12,608846,449,142,98.63,54,161,952,3886,33.28,1,1,791,51846,3240.9706,0:03:45,19.289
2020-09-21,1.558,23848,5.81,464423,134,137,97.88,45,87,686,2073,31.34,0,0,599,37154,2263.9125,0:03:39,12.148
2020-09-22,1.5895,17054,5.68,348990,145,110,98.12,28,94,586,1458,30.92,0,0,492,27108,1634.9794,0:03:37,8.519
2020-09-23,1.5742,14784,5.69,304116,92,86,97.72,29,102,486,1243,31.32,0,0,384,23273,1410.795,0:03:38,8.127
2020-09-24,1.5382,15042,5.73,308488,85,95,97.75,27,97,429,1174,30.45,0,0,332,23138,1313.7615,0:03:24,7.835
2020-09-25,1.5565,12536,5.7,260634,62,65,97.85,21,79,353,956,31.31,0,0,274,19512,1132.4827,0:03:28,7.542
2020-09-26,1.5846,10997,5.82,226732,47,65,97.7,19,64,307,808,30.41,0,0,243,17426,965.1931,0:03:19,5.651
2020-09-27,1.5425,9407,6.03,183366,71,40,98.5,12,65,300,789,30.56,0,0,235,14510,799.0041,0:03:18,5.026
2020-09-28,1.5751,7402,5.75,151169,55,51,97.71,12,59,220,513,30.48,0,0,161,11659,651.6589,0:03:21,3.91
2020-09-29,1.5902,7164,5.77,146271,48,42,96.81,18,54,228,546,28.99,0,0,174,11392,605.4058,0:03:11,3.757
2020-09-30,1.6048,6055,5.72,123869,43,51,96.15,17,67,190,425,29.83,0,0,123,9717,542.9735,0:03:21,2.992
2020-10-01,1.6044,6117,5.76,123649,24,30,97.99,9,42,196,439,28.63,0,0,154,9814,520.7546,0:03:11,2.364
2020-10-02,1.5572,5944,5.61,122669,45,29,96.79,14,46,175,422,28.28,0,0,129,9256,488.5618,0:03:10,2.507
2020-10-03,1.5678,6164,5.84,125147,41,33,97.96,10,66,181,481,28.54,0,0,115,9664,513.9351,0:03:11,2.559
2020-10-04,1.6387,6161,5.79,129250,45,49,97.1,13,79,196,436,27.75,0,0,117,10096,527.951,0:03:08,2.47
2020-10-05,1.6117,6059,5.72,128032,48,34,98.54,6,61,213,405,29.34,0,0,152,9765,541.6284,0:03:19,2.408
2020-10-06,1.603,6272,5.85,126213,46,38,96.17,17,63,229,427,29.1,0,0,166,10054,554.0199,0:03:18,2.681
2020-10-07,1.5989,5884,5.78,120480,43,40,97.12,12,62,224,404,29.16,0,0,162,9408,527.5026,0:03:21,2.553
2020-10-08,1.6168,5645,5.9,114985,42,57,95.71,15,58,181,335,28.37,0,0,123,9127,484.9772,0:03:11,2.536
2020-10-09,1.6207,4909,5.77,100412,34,41,97.68,8,50,167,337,29.56,0,0,117,7956,440.6224,0:03:19,2.23
2020-10-10,1.6494,4393,5.65,91034,28,34,97.59,8,54,165,324,28.53,0,0,111,7246,406.573,0:03:21,1.964
2020-10-11,1.6579,4265,5.85,88669,37,37,98.1,6,52,145,310,28.26,0,0,93,7071,387.0725,0:03:17,2.088
2020-10-12,1.6106,4150,5.86,82477,27,41,96.8,8,46,147,242,27.96,0,0,101,6684,361.8757,0:03:14,2.045
2020-10-13,1.6742,4260,5.87,93935,32,29,96.17,13,62,158,326,28.07,0,0,96,7132,388.3315,0:03:16,2.105
2020-10-14,1.6268,4459,5.76,97966,42,27,97.9,7,62,145,326,28.5,0,0,83,7254,400.2379,0:03:18,2.134
2020-10-15,1.651,4911,5.69,109888,43,39,97.34,11,63,201,403,28.89,0,0,138,8108,456.2286,0:03:22,2.93
2020-10-16,1.626,5375,5.67,120278,30,37,98.21,7,66,191,384,28.86,0,0,125,8740,492.1464,0:03:22,2.872
2020-10-17,1.6155,5207,5.93,110886,30,19,97.04,11,50,185,360,28.72,0,0,135,8412,474.8932,0:03:23,3.11
2020-10-18,1.6281,5225,5.83,113729,38,35,97.66,9,62,175,375,29.37,0,0,113,8507,488.7419,0:03:26,2.823
2020-10-19,1.6283,5601,5.8,122477,40,44,97.84,9,66,210,408,30.19,0,0,144,9120,540.7471,0:03:33,3.375
2020-10-20,1.59,6519,5.69,144428,40,33,96.39,18,60,259,480,30.45,0,0,199,10365,631.9848,0:03:39,3.991
2020-10-21,1.5964,6643,5.71,146131,36,42,98.59,7,80,283,488,30.87,0,0,203,10605,654.0777,0:03:42,3.869
2020-10-22,1.5819,7141,5.67,158146,48,47,98.5,9,70,268,590,30.51,0,0,198,11296,687.4707,0:03:39,3.969
2020-10-23,1.5838,7989,5.44,179994,45,48,97.76,14,55,303,612,30.1,0,0,248,12653,786.2414,0:03:43,4.96
2020-10-24,1.4927,8900,5.17,201303,52,44,97.13,19,69,354,642,28.82,0,0,285,13285,801.0746,0:03:37,5.218
2020-10-25,1.4448,16489,5.46,328474,274,69,98.45,33,140,409,2098,33.27,1,1,269,23824,1399.1784,0:03:31,8.965
2020-10-26,1.5162,11485,4.95,274825,90,55,95.98,41,79,378,978,31.07,0,0,299,17414,1099.591,0:03:47,6.928
2020-10-27,1.5033,12122,5.07,284915,78,67,96.92,30,63,399,943,31.3,0,0,336,18223,1163.7781,0:03:49,6.875
2020-10-28,1.5384,14817,5.18,337315,262,68,98.19,33,165,417,1794,35.65,1,1,252,22794,1671.207,0:04:23,11.915
2020-10-29,1.5629,15243,4.94,378618,127,78,98.11,31,111,488,1607,34.65,0,0,377,23824,1685.7889,0:04:14,11.258
2020-10-30,1.5106,13302,5.05,316453,90,72,97.38,28,71,420,1040,32.46,0,0,349,20094,1332.0915,0:03:58,8.952
2020-10-31,1.5157,14392,4.89,357650,110,72,97.55,28,89,475,1117,31.71,0,0,386,21814,1447.9808,0:03:58,8.415
2020-11-01,1.5155,16480,5.05,395435,99,91,98.27,22,98,496,1253,31.04,0,0,398,24975,1608.3046,0:03:51,7.544
2020-11-02,1.5063,13679,5.07,321950,85,93,97.23,29,80,428,1019,31.38,0,0,348,20604,1335.5974,0:03:53,7.317
2020-11-03,1.4862,13462,5.29,288524,234,64,98.43,26,91,392,1634,30.85,1,1,301,20007,1255.638,0:03:45,7.027
2020-11-04,1.5282,14706,5.16,335199,167,106,98.39,27,79,427,1652,31.51,0,0,348,22474,1447.1585,0:03:51,8.145
2020-11-05,1.4969,13603,4.82,330606,95,103,97.99,27,79,477,1319,31.4,0,0,398,20362,1298.7179,0:03:49,6.427
2020-11-06,1.5176,15925,4.68,411746,129,91,98.33,27,91,632,1585,31.05,0,0,541,24168,1511.5481,0:03:45,7.249
2020-11-07,1.5746,12728,4.81,323397,129,80,96.63,41,72,479,1174,30.84,0,0,407,20041,1266.7376,0:03:47,5.559
2020-11-08,1.5474,11945,4.7,306240,105,71,98.39,20,70,457,1219,30.83,0,0,387,18484,1169.1803,0:03:47,6.245
2020-11-09,1.5367,12181,4.63,316518,105,54,97.76,27,74,471,1179,30.87,0,0,397,18719,1181.4633,0:03:47,6.411
2020-11-10,1.5081,10881,4.67,279838,86,54,97.41,25,58,406,942,31.01,0,0,348,16410,1029.94,0:03:45,5.695
2020-11-11,1.5163,10899,4.88,261782,69,85,97.75,21,80,424,913,30.59,0,0,344,16526,1013.5136,0:03:40,5.888
2020-11-12,1.5251,9559,4.58,246526,67,44,98.25,14,81,381,787,31.07,0,0,300,14578,930.1364,0:03:49,5.168
2020-11-13,1.4804,8821,4.6,222891,55,34,97.54,17,63,314,673,29.81,0,0,251,13059,793.7402,0:03:38,3.985
2020-11-14,1.4516,9026,5,190170,239,44,99.18,9,73,255,1085,32.08,1,1,182,13102,836.4643,0:03:49,4.272
2020-11-15,1.5352,13583,5.12,304560,202,66,99.02,17,80,387,1716,35.22,0,0,307,20852,1452.319,0:04:10,8.099
2020-11-16,1.5189,10995,4.68,272382,100,54,96.79,30,60,359,904,31.52,0,0,299,16700,1056.7248,0:03:47,5.156
2020-11-17,1.5343,10916,4.81,266973,74,52,96.89,27,71,406,840,31.63,0,0,335,16748,1073.1706,0:03:50,4.816
2020-11-18,1.5438,10913,4.68,275045,61,77,97.31,22,70,417,796,31.1,0,0,347,16848,1072.5755,0:03:49,4.616
2020-11-19,1.5657,10251,4.49,277336,67,59,97.12,20,92,366,675,30.93,0,0,274,16050,1018.8113,0:03:48,4.085
2020-11-20,1.5592,10425,4.65,273952,82,62,96.66,26,78,375,752,31.3,0,0,297,16255,1047.2077,0:03:51,4.077
2020-11-21,1.5643,10094,4.69,263190,59,59,96.92,22,67,355,693,31.14,0,0,288,15790,1019.1002,0:03:52,4.14
2020-11-22,1.525,10033,4.57,263855,77,72,98.09,15,61,364,770,30.89,0,0,303,15300,977.7678,0:03:50,4.083
2020-11-23,1.5513,9786,4.84,247522,61,58,97.38,18,74,360,668,30.52,0,0,286,15181,949.9846,0:03:45,4.309
2020-11-24,1.531,9934,4.76,250127,74,71,97.49,18,73,370,700,30.44,0,0,297,15209,945.6625,0:03:43,4.319
2020-11-25,1.5227,9484,4.88,231211,52,62,96.74,22,67,323,653,30.16,0,0,256,14441,886.3053,0:03:40,4.143
2020-11-26,1.524,9523,4.89,230839,57,51,98.27,13,70,342,738,30.55,0,0,272,14513,908.4494,0:03:45,4.353
2020-11-27,1.5001,9929,5.04,232342,49,65,96.57,25,63,342,703,29.52,0,0,279,14894,882.6492,0:03:33,4.604
2020-11-28,1.5114,10206,5.06,239017,45,49,97.4,21,78,356,788,29.78,0,0,278,15425,920.6795,0:03:34,4.18
2020-11-29,1.5259,10509,4.97,252523,55,56,96.67,25,68,390,726,29.52,0,0,322,16036,967.7679,0:03:37,4.287
2020-11-30,1.5325,10197,5,243996,61,58,98.15,14,79,358,744,28.43,0,0,279,15627,907.3709,0:03:29,3.495
2020-12-01,1.5307,10835,5.11,254797,69,56,97.52,18,81,327,708,30.01,0,0,246,16585,1008.334,0:03:38,4.191
2020-12-02,1.5289,13098,5.08,311317,63,55,96.15,34,76,416,848,29.56,0,0,340,20026,1250.6453,0:03:44,4.439
2020-12-03,1.4995,14350,5.02,336775,52,85,96.41,29,93,457,779,28.89,0,0,364,21518,1322.1198,0:03:41,4.908
2020-12-04,1.5171,14773,4.96,358798,89,50,97.79,20,87,444,887,28.91,0,0,357,22412,1365.8515,0:03:39,4.85
2020-12-05,1.5081,13286,4.9,323144,67,55,97.56,22,83,443,880,29.58,0,0,360,20036,1240.3746,0:03:42,4.613
2020-12-06,1.5235,22064,5.29,475500,363,126,98.77,36,157,521,2886,32.04,1,1,364,33615,2142.2095,0:03:49,8.541
2020-12-07,1.5375,19156,5.13,444824,153,127,98.34,29,96,491,1720,31.24,0,0,395,29453,1833.7411,0:03:44,6.973
2020-12-08,1.5496,14610,4.85,362584,87,85,97.68,27,70,382,1136,30.75,0,0,312,22639,1393.1875,0:03:41,5.361
2020-12-09,1.5587,14996,4.82,374978,94,97,97.83,27,65,420,1215,30.83,0,0,355,23375,1430.4985,0:03:40,6.116
2020-12-10,1.5406,15777,4.78,400179,85,107,98.16,23,65,483,1225,30.65,0,0,418,24306,1511.9323,0:03:43,6.427
2020-12-11,1.5228,14427,4.7,368394,112,71,96.75,35,83,419,1042,30.54,0,0,336,21969,1361.595,0:03:43,5.801
2020-12-12,1.5249,16482,4.75,417131,114,71,97.45,29,69,473,1110,30.2,0,0,404,25134,1557.044,0:03:43,5.701
2020-12-13,1.5232,16500,4.82,405577,113,89,97.05,34,79,468,1118,29.65,0,0,389,25133,1546.6814,0:03:41,6.485
2020-12-14,1.5125,13589,4.47,361176,99,80,97.07,26,78,425,861,30.4,0,0,347,20553,1291.1822,0:03:46,4.904
2020-12-15,1.5506,34870,6.03,684503,600,172,98.36,70,147,874,4203,37.55,1,1,727,54071,4001.4663,0:04:26,21.309
2020-12-16,1.588,26778,5.21,621307,244,135,97.91,47,99,647,2206,34.64,0,0,548,42524,2940.2588,0:04:08,14.012
2020-12-17,1.5146,25497,5.03,601907,180,110,97.79,40,110,657,1769,33.07,0,0,547,38618,2546.575,0:03:57,11.464
2020-12-18,1.5352,36371,4.96,877100,200,160,97.59,64,120,932,2597,34.21,0,0,812,55838,3749.7553,0:04:01,18.908
2020-12-19,1.5881,25690,4.82,653755,140,123,97.71,44,113,726,1877,33.82,0,0,613,40799,2701.9665,0:03:58,11.867
2020-12-20,1.575,21484,4.7,554528,135,126,97.34,44,102,636,1608,32.68,0,0,534,33837,2155.4848,0:03:49,9.53
2020-12-21,1.5697,21180,4.91,522697,102,115,98.28,27,99,591,1542,32.95,0,0,492,33247,2116.4894,0:03:49,10.696
2020-12-22,1.5681,24223,4.85,574237,394,144,98.49,44,130,648,2863,32.64,1,1,518,37984,2379.1771,0:03:45,10.744
2020-12-23,1.6234,16100,4.74,415172,133,103,98.37,23,91,467,1391,31.58,0,0,376,26136,1615.6392,0:03:42,7.548
2020-12-24,1.6037,15091,4.71,389860,89,74,96.76,38,73,518,1136,30.94,0,0,445,24202,1463.9452,0:03:37,6.661
2020-12-25,1.5921,14832,4.75,375538,97,50,97.07,34,76,510,1127,29.99,0,0,434,23614,1389.7261,0:03:31,6.738
2020-12-26,1.635,13266,4.89,336298,114,91,97.5,24,74,432,937,30.42,0,0,358,21690,1299.2969,0:03:35,6.015
2020-12-27,1.6461,12346,4.91,312074,87,106,96.98,30,87,452,964,29.83,0,0,365,20323,1196.6914,0:03:31,4.76
2020-12-28,1.6154,14702,4.83,373796,110,74,96.93,35,64,487,1106,30.22,0,0,423,23750,1414.7931,0:03:34,6.017
2020-12-29,1.5982,14576,4.86,363124,95,86,96.55,36,89,483,1007,29.57,0,0,394,23296,1365.7938,0:03:31,5.912
2020-12-30,1.6289,13116,4.84,335429,75,66,97.87,21,87,521,967,29.49,0,0,434,21365,1263.3439,0:03:32,5.287
2020-12-31,1.6126,9963,4.75,253044,55,54,98.02,14,66,353,694,28.85,0,0,287,16066,931.7812,0:03:28,2.984
2021-01-01,1.5921,11889,4.86,298852,71,66,97.29,23,77,403,827,29.79,0,0,326,18929,1140.1817,0:03:36,3.305
2021-01-02,1.6044,12624,4.91,317042,82,75,97.1,27,81,390,905,30.24,0,0,309,20254,1255.0349,0:03:43,3.249
2021-01-03,1.6258,15171,4.98,384538,95,98,97.09,35,104,567,1168,29.82,0,0,463,24665,1506.131,0:03:39,3.477
2021-01-04,1.6282,16093,5.02,404271,91,78,97.81,25,100,529,1116,28.63,0,0,429,26203,1521.6997,0:03:29,3.858
2021-01-05,1.6415,14866,5.13,367473,82,82,96.71,36,85,561,1059,29.37,0,0,476,24403,1447.6896,0:03:33,4.094
2021-01-06,1.6546,16311,5.1,409606,103,96,98.09,25,131,574,1282,30.03,0,0,443,26988,1623.2019,0:03:36,5.375
2021-01-07,1.6673,14768,5.19,364369,89,83,97.55,23,94,464,916,29.78,0,0,370,24622,1472.7239,0:03:35,4.383
2021-01-08,1.6128,18531,5.06,460591,101,59,97.12,34,92,603,1145,29.29,0,0,511,29887,1766.4443,0:03:32,5.993
2021-01-09,1.5701,22003,5.16,502222,400,153,98.24,41,174,546,2283,30.75,1,1,372,34546,1939.3854,0:03:22,6.439
2021-01-10,1.5816,19239,5.1,461844,187,93,98.46,22,115,516,1402,30.52,0,0,401,30428,1755.1839,0:03:27,5.398
2021-01-11,1.5423,21012,5.05,496703,153,99,97.48,37,97,540,1432,30.54,0,0,443,32407,1853.1253,0:03:25,6.571
2021-01-12,1.5233,22823,5.11,509320,237,92,97.34,52,132,520,1904,31.28,1,2,388,34767,1957.0523,0:03:22,7.237
2021-01-13,1.543,23630,4.94,565282,140,104,98.19,33,116,554,1786,31.82,0,0,438,36461,2063.9793,0:03:23,7.475
2021-01-14,1.5659,19177,4.81,477655,84,110,97.36,33,114,517,1215,30.11,0,0,403,30030,1683.5226,0:03:21,6.091
2021-01-15,1.557,17558,4.88,424741,101,105,97.92,20,87,443,940,30.63,0,0,356,27337,1530.0084,0:03:21,5.785
2021-01-16,1.5251,18074,4.87,429552,83,84,97.2,25,119,477,867,30.94,0,0,358,27564,1580.1867,0:03:26,7.012
2021-01-17,1.5506,28781,5.42,611429,945,139,98.57,41,192,751,2829,35.4,1,1,559,44628,3285.8949,0:04:25,11.919
2021-01-18,1.5637,28504,4.69,719101,320,96,96.68,61,122,737,1774,33.01,0,0,615,44571,3032.922,0:04:04,11.216
2021-01-19,1.5278,24661,4.68,606515,164,113,97.94,26,112,572,1235,31.54,0,0,460,37677,2331.0099,0:03:42,9.927
2021-01-20,1.5098,23391,4.64,570625,121,118,97.34,32,105,523,1170,31.65,0,1,418,35316,2176.4246,0:03:41,9.494
2021-01-21,1.5399,23574,4.69,563511,416,130,99.02,25,117,539,2527,31.06,1,0,422,36301,2084.3824,0:03:26,8.827
2021-01-22,1.5501,22351,4.63,560713,148,124,98.01,27,116,559,1330,31.27,0,0,443,34646,2075.1637,0:03:35,9.904
2021-01-23,1.5614,18188,4.72,454647,117,86,96.42,41,114,461,1103,31.71,0,0,347,28398,1693.7595,0:03:34,7.439
2021-01-24,1.5269,16990,4.95,400888,98,92,96.54,32,120,453,894,30.31,0,0,333,25942,1414.7746,0:03:16,6.297
2021-01-25,1.486,17499,4.8,411174,86,86,98.73,12,82,460,932,29.64,0,0,378,26004,1412.8612,0:03:15,5.955
2021-01-26,1.4959,23410,5.41,472654,414,119,98.76,34,173,435,2708,33,1,1,262,35020,2222.1884,0:03:48,10.158
2021-01-27,1.5938,23062,5.27,504668,446,132,98.6,42,121,425,2951,34.21,1,1,304,36757,2367.9697,0:03:51,10.562
2021-01-28,1.6353,16429,4.77,414225,130,102,97.83,33,149,364,1487,32.64,0,0,215,26866,1701.6232,0:03:48,6.609
2021-01-29,1.6411,16452,4.82,420435,105,97,97.02,37,78,423,1204,31.47,0,0,345,27000,1695.6554,0:03:46,8.196
2021-01-30,1.614,29231,5.48,654067,213,143,98.27,53,143,607,3012,12.34,0,1,464,47179,3067.1568,0:03:54,14.311
2021-01-31,1.6638,19319,4.47,531548,119,109,97.37,33,117,533,1220,30.76,0,0,416,32142,1941.3517,0:03:37,8.337
2021-02-01,1.6427,18406,4.63,485367,94,109,96.52,43,102,510,1193,31.02,0,0,408,30236,1804.3343,0:03:34,8.549
2021-02-02,1.6121,23328,5.23,526854,346,108,99.1,28,144,534,3099,34.85,1,1,390,37607,2531.3762,0:04:02,12.09
2021-02-03,1.6622,16542,5.09,398048,124,87,98.13,28,101,376,1471,32.55,0,0,275,27496,1745.0813,0:03:48,9.296
2021-02-04,1.6255,14805,4.94,360696,83,81,98.13,20,103,334,1048,31.87,0,0,231,24066,1472.3777,0:03:40,7.848
2021-02-05,1.6421,17140,5.07,415586,82,74,97.93,24,96,439,1133,34.25,0,0,343,28145,1852.5772,0:03:56,9.232
2021-02-06,1.7204,34995,5.49,814866,460,141,98.8,54,161,792,4442,39.45,1,1,631,60207,5342.9158,0:05:19,25.87
2021-02-07,1.7911,25172,4.68,709956,135,79,98.39,35,122,692,2142,35.58,0,0,570,45085,3463.8283,0:04:36,15.872
2021-02-08,1.7788,20675,4.61,592458,123,90,98.26,29,96,586,1637,34.06,0,0,490,36776,2656.6589,0:04:20,12.875
2021-02-09,1.7307,43987,5.7,977907,366,95,98.95,53,144,780,4992,36.59,1,1,636,76129,5572.4677,0:04:23,32.73
2021-02-10,1.7121,31362,4.75,829491,134,73,98.56,35,124,662,2399,33.41,0,0,538,53694,3655.1258,0:04:05,22.341
2021-02-11,1.728,27352,4.62,753985,115,96,97.83,40,94,637,1801,32.37,0,0,543,47263,3109.9677,0:03:56,20.173
2021-02-12,1.7454,50427,5.24,1227740,456,151,99.05,50,150,919,5186,38.31,1,1,769,88017,7284.6442,0:04:57,47.053
2021-02-13,1.7422,32456,4.64,868863,241,116,98.38,42,132,714,2550,35.09,1,1,582,56544,4182.0782,0:04:26,27.28
2021-02-14,1.7904,59129,5.56,1391599,409,206,98.74,84,158,1191,6588,40.57,0,0,1033,105864,9004.9934,0:05:06,50.458
2021-02-15,1.7913,33428,4.54,946211,127,106,98.06,44,128,740,2221,35.11,0,0,612,59879,4323.9904,0:04:19,27.868
2021-02-16,1.8438,29030,4.47,865075,111,117,97.6,42,117,734,1706,34.41,0,1,617,53525,3781.4736,0:04:14,24.649
2021-02-17,1.638,73069,6.16,1405643,1889,902,99.11,94,190,1684,10416,36.69,1,1,1494,119684,8573.9336,0:04:17,56.554
2021-02-18,1.6863,49223,5.21,1167770,564,382,99.04,48,113,1312,4965,34.39,0,0,1199,83007,5636.0404,0:04:04,32.401
2021-02-19,1.7398,45978,4.72,1211646,494,281,98.62,58,137,1205,4136,32.27,1,1,1068,79991,5118.1348,0:03:50,28.313
2021-02-20,1.8286,68537,5.17,1748191,673,212,98.91,88,208,1568,8001,40.11,0,0,1360,125327,10518.4267,0:05:02,59.431
2021-02-21,1.8308,58094,5.39,1424278,484,226,98.55,95,237,1119,6471,14.76,1,2,882,106358,6696.4993,0:03:46,37.724
2021-02-22,1.8679,37517,4.57,1112094,243,162,98.2,56,147,910,3054,23.55,0,1,763,70077,4546.8685,0:03:53,24.338
2021-02-23,1.8662,49709,5.2,1292423,727,163,98.71,83,179,1020,6351,38.74,1,1,841,92769,7000.5893,0:04:31,40.861
2021-02-24,1.913,29868,4.63,878933,168,117,98.32,47,181,864,2758,34.77,0,0,683,57137,3965.0119,0:04:09,20.061
2021-02-25,1.9293,26052,4.52,805903,165,106,98.2,39,124,686,2122,33.88,0,1,562,50263,3420.861,0:04:05,16.491
2021-02-26,1.9685,53887,5.68,1368480,869,165,98.98,78,200,1198,7568,43.23,1,0,998,106075,8685.7344,0:04:54,48.397
2021-02-27,2.0724,30282,4.83,952476,177,138,98.21,53,127,807,2913,37.06,0,0,680,62757,4555.7275,0:04:21,22.268
2021-02-28,2.0437,23688,4.68,754073,147,61,98.56,28,108,602,1923,35.49,0,0,494,48411,3382.5129,0:04:11,15.556
2021-03-01,1.8581,45500,5.42,1123103,658,131,99.08,55,170,795,5929,40.76,1,1,625,84545,6407.514,0:04:32,31.527
2021-03-02,1.9965,25206,4.71,776005,158,98,98.74,28,103,624,2191,35.22,0,0,521,50323,3442.5761,0:04:06,20.063
2021-03-03,1.9121,24142,4.92,668825,288,98,98.4,39,112,577,2392,35.92,1,1,465,46162,3279.3245,0:04:15,18.136
2021-03-04,1.8029,69405,6.18,1434418,552,208,98.81,94,215,1028,7782,41.13,0,0,813,125128,10461.1531,0:05:00,75.125
2021-03-05,1.9129,41807,4.86,1154773,180,137,98.34,51,172,904,3021,34.22,0,0,732,79974,5506.5038,0:04:07,30.455
2021-03-06,1.9747,26456,4.81,772768,126,97,97.56,45,114,582,1796,34.12,0,0,468,52243,3568.6582,0:04:05,21.048
2021-03-07,1.7904,58187,5.58,1255165,714,190,98.96,67,181,870,6405,38.29,1,1,689,104178,8475.8451,0:04:52,52.783
2021-03-08,1.8395,35290,4.61,977127,386,152,98.89,36,125,620,3211,34.72,1,2,495,64915,4543.397,0:04:11,28.323
2021-03-09,1.7825,53933,5.63,1220477,716,343,98.76,105,235,775,8397,18.51,0,2,540,96138,5334.3025,0:03:19,36.201
2021-03-10,1.8725,31206,4.54,904897,380,100,98.32,46,142,597,2691,33.76,1,1,455,58434,3967.8835,0:04:04,24.819
2021-03-11,1.8512,39433,4.68,1115625,409,104,98.3,65,186,753,3764,37.3,0,0,567,72999,5358.8417,0:04:24,34.096
2021-03-12,1.9139,24847,4.51,757243,128,83,97.53,38,156,516,1503,33.02,0,0,360,47554,3126.5767,0:03:56,18.205
2021-03-13,1.8653,25619,4.66,730000,388,124,98,50,142,506,2452,34.9,1,1,364,47787,3442.4149,0:04:19,16.233
2021-03-14,1.6718,50982,5.5,1115596,884,243,98.88,65,168,803,5749,39.83,0,0,635,85232,7901.9064,0:05:33,38.958
2021-03-15,1.858,24093,4.66,691446,179,99,98.38,31,116,519,1877,35.04,0,0,403,44764,3372.8113,0:04:31,17.06
2021-03-16,1.7744,26103,4.6,733100,183,94,97.79,39,100,612,1726,32.96,0,0,512,46318,3293.9677,0:04:16,20.725
2021-03-17,1.7684,44113,5.23,1077211,754,175,98.65,82,150,789,5978,34.95,1,1,639,78008,6119.8973,0:04:42,35.917
2021-03-18,1.8615,30899,4.6,913167,221,141,97.99,56,125,657,2728,32.89,0,0,532,57519,4128.3489,0:04:18,19.317
2021-03-19,1.9107,26663,4.59,820931,192,122,98.12,36,97,635,1878,32,0,0,538,50946,3494.7009,0:04:06,17.386
2021-03-20,1.8979,22446,4.48,703095,129,101,97.84,36,131,583,1629,31.44,0,0,452,42601,2864.6519,0:04:02,14.172
2021-03-21,1.921,20075,4.71,614564,133,101,97.38,39,107,547,1451,31.29,0,0,440,38564,2555.4498,0:03:58,12.252
2021-03-22,1.942,18226,4.67,570755,133,83,97.99,26,99,541,1269,30.65,0,0,442,35394,2304.2024,0:03:54,10.836
2021-03-23,1.9479,18531,4.61,582928,104,61,97.26,35,104,518,1244,31,0,0,414,36096,2361.5228,0:03:55,11.651
2021-03-24,1.9594,18717,4.85,574299,132,89,97.43,32,123,577,1213,30.89,0,0,454,36675,2391.3039,0:03:54,11.125
2021-03-25,1.792,50357,6.39,1033986,606,133,98.58,88,164,846,6120,40.94,1,1,682,90240,7697.6161,0:05:07,47.589
2021-03-26,1.931,37960,5.11,1089313,180,141,98.63,47,159,823,3394,36.39,0,0,664,73300,5572.3348,0:04:33,29.347
2021-03-27,2.0164,35121,4.82,1116039,159,116,98.22,48,159,796,2654,34.02,0,0,637,70818,4991.9503,0:04:13,25.118
2021-03-28,1.8026,75377,6.42,1574760,454,178,98.51,120,192,989,7915,13.92,1,2,797,135875,9139.1236,0:04:02,39.147
2021-03-29,1.9164,45117,5,1279938,174,135,97.53,77,142,880,3039,19.87,0,0,738,86462,5714.5756,0:03:57,31.391
2021-03-30,2.0251,36117,4.97,1112561,131,106,97.46,66,139,842,2529,24.44,0,0,703,73141,4911.8831,0:04:01,12.817
2021-03-31,2.0266,29786,4.96,917161,109,87,97.99,44,140,740,2140,25.4,0,0,600,60363,4008.6503,0:03:59,21.03
2021-04-01,1.9536,28001,4.97,830589,123,91,97.87,43,145,714,1977,25.88,0,1,569,54704,3647.1978,0:04:00,17.344
2021-04-02,1.8571,65308,6.31,1441265,746,170,98.21,143,187,1125,7846,38.41,1,0,938,121285,9750.8009,0:04:49,55.031
2021-04-03,2.0104,44052,5.21,1280942,205,130,98.04,72,169,1044,3593,31.69,0,0,875,88560,6243.3793,0:04:13,29.55
2021-04-04,2.0896,35732,5.06,1122992,148,124,97.84,56,133,920,2542,30.74,0,0,787,74666,5130.0439,0:04:07,23.829
2021-04-05,2.1409,42192,4.46,1593950,141,142,97.11,84,166,1117,2823,30.94,0,3,951,90327,6260.3918,0:04:09,30.181
2021-04-06,2.077,79021,5.17,2476905,1042,278,98.59,139,238,1542,9707,38.27,1,0,1304,164130,13554.8684,0:04:57,65.077
2021-04-07,2.2131,52718,4.38,2079170,252,169,97.94,90,250,1248,4285,32.3,0,0,998,116670,8418.9142,0:04:19,38.263
2021-04-08,2.2424,45143,4.23,1888743,192,142,97.85,76,200,1124,3464,31.29,0,0,924,101230,7124.5475,0:04:13,32.64
2021-04-09,2.2005,41096,4.26,1675339,166,123,97.56,73,181,999,2914,31.08,0,0,818,90433,6287.617,0:04:10,29.542
2021-04-10,2.0949,78925,5.81,2169220,1037,253,98.68,155,317,1313,11567,30.23,1,3,996,165340,13459.3188,0:04:53,69.207
2021-04-11,2.0862,47887,4.61,1658062,222,169,97.8,90,258,1059,4006,29.46,0,0,801,99904,7284.4471,0:04:22,39.641
2021-04-12,2.132,36782,4.59,1330067,135,115,97.61,72,227,856,2938,32.65,0,0,629,78420,5553.7608,0:04:14,32.466
2021-04-13,2.1476,36016,4.82,1256211,152,148,98.21,50,142,890,2744,32.38,0,1,748,77348,5415.137,0:04:12,29.439
2021-04-14,1.8112,79927,5.87,1854912,1117,300,98.35,174,333,1318,10367,37.02,1,0,985,144765,10959.4703,0:04:32,62.964
2021-04-15,2.0795,40342,4.67,1378194,176,189,97.84,76,164,950,3442,32.83,0,0,786,83892,5858.4722,0:04:11,31.03
2021-04-16,2.1005,33363,4.82,1119628,128,155,98.22,45,142,861,2481,32.55,0,0,719,70078,4852.8724,0:04:09,23.602
2021-04-17,2.131,30400,4.88,1029927,131,123,97.63,53,132,828,2183,32.8,0,0,696,64783,4527.3356,0:04:11,20.909
2021-04-18,1.9135,53547,5.97,1286550,480,201,98.62,92,271,952,6568,14.03,1,1,681,102463,8072.094,0:04:43,36.771
2021-04-19,2.0916,31744,5.16,983692,199,148,98.24,47,163,760,2627,21.66,0,0,597,66395,4961.1937,0:04:29,20.753
2021-04-20,2.1622,29904,5.11,983909,157,149,97.21,66,163,852,2300,25.71,0,0,689,64659,4564.0492,0:04:14,21.206
2021-04-21,1.8182,79698,6.63,1655947,1797,240,99.06,111,213,1255,11664,37.56,1,1,1042,144909,12223.4766,0:05:03,63.076
2021-04-22,1.9416,53014,5.32,1470484,470,199,98.39,84,183,1098,5120,33.54,0,0,915,102931,7836.6662,0:04:34,33.345
2021-04-23,2.0489,46172,4.87,1507543,289,180,98.5,62,171,1026,4080,32.35,0,1,855,94604,6895.2277,0:04:22,29.196
2021-04-24,1.8381,82114,5.59,2035182,747,356,98.99,98,276,1211,9568,34.5,1,0,935,150933,10908.2997,0:04:20,50.528
2021-04-25,2.0094,51329,4.69,1694685,312,195,98.54,60,167,1107,4039,32.32,0,0,940,103141,7174.5737,0:04:10,31.562
2021-04-26,2.0047,45235,4.66,1494453,240,176,97.48,90,167,1057,3477,31.66,0,0,890,90682,6150.1103,0:04:04,26.113
2021-04-27,2.0819,40509,4.83,1340610,219,179,97.93,65,121,941,3071,31.72,0,1,820,84337,5727.9057,0:04:04,25.812
2021-04-28,1.9678,89123,5.77,2290948,1503,325,99.16,101,12,1681,11977,39.32,1,0,1669,175376,17910.499,0:06:07,74.183
2021-04-29,2.0991,61497,4.83,2059366,419,180,98.42,86,184,1428,5366,34.14,0,0,1244,129088,10363.4681,0:04:49,44.904
2021-04-30,2.1408,53916,4.71,1906852,245,201,98.15,84,173,1340,4466,32.51,0,0,1167,115425,8737.4384,0:04:32,35.364
2021-05-01,2.159,50103,4.89,1717101,255,214,97.81,88,190,1311,3931,32.28,0,0,1121,108174,7872.065,0:04:21,28.93
2021-05-02,1.9924,90364,5.66,2421399,1171,377,98.81,155,288,1549,12908,38.75,1,1,1261,180038,16669.3356,0:05:33,65.517
2021-05-03,2.1982,57519,4.86,2008695,334,229,98.53,85,225,1350,5688,34.27,0,0,1125,126438,10020.5395,0:04:45,40.664
2021-05-04,2.2276,53452,4.71,1948565,231,177,98.03,91,219,1323,4524,33.29,0,0,1104,119069,9092.9233,0:04:34,37.626
2021-05-05,2.2711,49144,4.65,1864322,271,225,98.04,88,218,1345,4403,32.85,0,0,1127,111609,8346.6654,0:04:29,32.003
2021-05-06,1.9629,91760,5.74,2426824,1171,330,98.76,154,299,1667,12241,32,1,1,1368,180118,13484.9974,0:04:29,59.408
2021-05-07,2.1203,65957,4.82,2266114,376,280,98.12,124,268,1573,6472,31.38,0,0,1305,139850,10199.7203,0:04:22,40.776
2021-05-08,2.1721,59746,4.84,2099586,299,280,98.31,99,232,1439,5757,31.22,0,0,1207,129776,9326.6163,0:04:18,35.556
2021-05-09,2.1606,57986,4.88,2014521,265,219,98.46,76,211,1450,4844,31.2,0,0,1239,125285,8957.9765,0:04:17,34.484
2021-05-10,2.2697,49923,4.91,1811187,254,237,97.8,101,203,1426,4500,31.63,0,1,1223,113309,8195.0745,0:04:20,29.917
2021-05-11,2.1182,103431,5.83,2931826,1707,380,98.85,172,363,2190,14821,41.02,1,0,1827,219090,22395.457,0:06:07,77.396
2021-05-12,2.3385,73772,4.82,2830920,456,287,98.16,137,238,1947,7309,34.96,0,0,1709,172514,14332.3301,0:04:59,50.828
2021-05-13,2.368,61802,4.67,2477859,357,259,98.17,110,231,1653,5885,33.83,0,0,1422,146345,11523.4902,0:04:43,39.933
2021-05-14,2.3699,62292,4.52,2589748,334,271,98.1,114,220,1707,5874,33.25,0,0,1487,147627,11454.1535,0:04:39,39.341
2021-05-15,2.3571,62852,4.57,2593420,348,295,98.37,92,251,1766,5562,32.83,0,0,1515,148149,11301.3924,0:04:34,39.899
2021-05-16,2.1123,88528,5.39,2678430,586,289,98.51,152,413,1881,10055,14.86,1,1,1468,186998,13326.8065,0:04:16,42.756
2021-05-17,2.3781,54846,4.69,2183266,280,268,97.65,122,234,1565,5070,29.62,0,1,1331,130432,9844.8179,0:04:31,35.573
2021-05-18,2.1424,119772,5.63,3399564,1578,416,98.92,192,315,2436,17640,40.08,1,0,2121,256605,22757.4791,0:05:19,84.832
2021-05-19,2.4127,81553,4.68,3221248,445,319,98.46,132,289,2234,8417,34.83,0,0,1945,196760,15368.5828,0:04:41,55.574
2021-05-20,2.383,88880,4.57,3547431,428,337,97.93,178,314,2417,8419,33.42,0,0,2103,211797,15943.755,0:04:31,58.709
2021-05-21,2.4248,80704,4.73,3197000,391,304,98.1,148,320,2385,7646,32.91,0,0,2065,195688,14521.293,0:04:27,54.842
2021-05-22,2.2179,146900,5.54,4559305,2292,509,99.04,201,434,3267,20798,40.49,1,1,2833,325816,30313.479,0:05:34,115.805
2021-05-23,2.4586,116282,4.58,4931991,672,388,98.3,210,407,3161,12136,35.09,0,0,2754,285895,22943.5107,0:04:48,82.563
2021-05-24,2.5812,89946,4.65,3923609,449,315,98.23,168,346,2607,9342,33.81,0,0,2261,232170,17811.9977,0:04:36,67.024
2021-05-25,2.5888,89980,4.55,4032219,452,421,97.74,204,327,2718,8822,32.99,0,1,2391,232941,17474.2627,0:04:30,62.652
2021-05-26,2.4333,161272,4.92,6226681,2621,587,99,261,475,4135,25784,40.16,1,0,3660,392424,37234.9279,0:05:41,136.152
2021-05-27,2.6158,107384,4.32,5099161,583,524,98.34,192,390,2944,11390,34.53,0,0,2554,280897,22319.1035,0:04:46,84.979
2021-05-28,2.5819,96943,4.18,4652597,510,373,98.03,202,362,2610,10033,33.23,0,0,2248,250297,19077.7232,0:04:34,73.647
2021-05-29,2.5602,88647,4.25,4163096,445,401,98.32,149,349,2507,8700,33.08,0,0,2158,226957,17138.2811,0:04:31,62.99
2021-05-30,2.5327,85640,4.21,4041942,366,417,98.2,152,310,2399,8294,32.37,0,1,2089,216904,16114.3858,0:04:27,51.909
2021-05-31,2.2159,182161,5.32,5793127,3642,1040,99.04,275,594,3682,28326,39.86,1,0,3088,403655,36191.4278,0:05:22,123.469
2021-06-01,2.417,113451,4.26,4945379,713,523,98.19,205,451,2807,11144,33.71,0,0,2356,274207,21032.9086,0:04:36,67.73
2021-06-02,2.4762,93453,4.26,4175116,464,417,98.31,157,328,2325,9126,33.26,0,0,1997,231404,17511.5046,0:04:32,59.635
2021-06-03,2.555,84808,4.26,3950806,420,413,98.32,150,366,2317,8763,32.98,0,0,1951,216684,16356.4909,0:04:31,64.807
2021-06-04,2.5208,78913,4.22,3646091,333,359,98.1,144,325,2208,7445,32.87,0,1,1883,198926,14922.4787,0:04:30,60.212
2021-06-05,2.2291,153673,4.97,5262339,3036,550,99.02,244,416,3236,24681,40.52,1,1,2820,342550,32035.1154,0:05:36,126.998
2021-06-06,2.4929,95347,4.26,4307302,579,411,98.37,175,397,2475,10551,35.07,0,0,2078,237694,19109.6274,0:04:49,74.403
2021-06-07,2.56,81437,4.2,3848554,470,328,98.14,162,344,2168,8537,33.59,0,0,1824,208475,16074.7394,0:04:37,64.262
2021-06-08,2.5432,71743,4.21,3350733,354,353,98.31,125,289,1909,7291,33.28,0,2,1620,182455,13924.4678,0:04:34,61.087
2021-06-09,2.1557,148400,4.96,4889559,2568,494,98.84,278,378,2693,23593,36.42,1,0,2315,319904,24665.4245,0:04:37,135.557
2021-06-10,2.3869,82265,4.03,3733432,432,325,98.5,126,408,1928,8296,33.74,0,0,1520,196357,14632.1386,0:04:28,79.069
2021-06-11,2.4707,71116,3.97,3410714,326,295,97.93,147,355,1902,6960,33.43,0,0,1547,175709,13065.9901,0:04:27,65.637
2021-06-12,2.5273,59970,4.14,2817302,295,297,98.05,111,321,1727,5573,33.23,0,0,1406,151561,11295.8078,0:04:28,56.414
2021-06-13,2.4969,57158,4.17,2633480,266,248,97.68,123,303,1615,5173,32.81,0,0,1312,142716,10486.8496,0:04:24,53.443
2021-06-14,2.4504,57626,4.21,2586855,264,265,97.69,117,505,1688,4954,32.71,0,2,1183,141204,10312.5295,0:04:22,55.193
2021-06-15,1.9491,138759,5.6,3673012,2038,410,98.75,242,610,2253,19189,37.53,1,0,1643,270461,19634.8611,0:04:21,124.797
2021-06-16,2.1998,75329,4.36,2890527,373,282,98.12,128,411,1731,6682,33.68,0,0,1320,165711,11821.7125,0:04:16,65.471
2021-06-17,2.3031,59188,4.25,2446437,253,270,97.92,112,403,1546,5275,33.3,0,0,1143,136313,9819.875,0:04:19,51.422
2021-06-18,2.3174,56467,4.15,2415081,259,199,97.39,133,382,1610,4964,32.65,0,2,1228,130854,9448.0675,0:04:19,49.96
2021-06-19,1.9223,158392,5.65,3999125,2757,597,99.06,239,676,2910,25171,42.96,1,0,2234,304481,31183.9282,0:06:08,166.251
2021-06-20,2.1667,89369,4.21,3429637,467,350,98.35,139,460,2072,8265,35.1,0,0,1612,193634,15769.1575,0:04:53,81.662
2021-06-21,2.2914,77404,4.08,3266651,343,306,98.43,110,453,1910,6918,34.03,0,0,1457,177361,13798.6015,0:04:40,73.799
2021-06-22,2.3927,65965,4.09,2923173,301,265,98.59,88,377,1773,6132,34.49,0,0,1396,157835,12321.2486,0:04:41,63.168
2021-06-23,2.4023,62498,4.1,2779981,266,263,98.19,102,410,1742,5522,33.99,0,0,1332,150138,11522.7335,0:04:36,61.468
2021-06-24,2.0477,148190,5.77,3991565,2444,528,99.1,220,650,2714,24184,45.19,1,1,2064,303452,28200.2156,0:05:34,180.3
2021-06-25,2.2778,103179,4.54,3897394,766,375,98.64,161,648,2746,11685,39.19,0,0,2098,235019,19592.6016,0:05:00,115.206
2021-06-26,2.3961,83653,4.18,3632982,482,350,98.13,157,665,2477,8261,36.42,0,0,1812,200441,15792.2744,0:04:43,86.811
2021-06-27,2.5396,71743,4.14,3349828,311,342,98.38,122,620,2441,7398,35.34,0,0,1821,182200,14031.2395,0:04:37,74.463
2021-06-28,2.5486,65385,4.17,3062061,386,262,98.2,116,642,2326,6328,34.75,0,0,1684,166641,12737.6453,0:04:35,73.131
2021-06-29,2.0785,150885,5.46,4289274,3194,684,99.14,215,826,3635,24874,43.71,1,1,2809,313609,32302.1167,0:06:10,190.716
2021-06-30,2.3033,106459,4.16,4449518,825,423,98.57,171,709,2978,11819,38.56,0,0,2269,245204,21847.0122,0:05:20,125.014
2021-07-01,2.4325,84039,4,3894646,397,304,98.62,113,638,2462,8088,35.76,0,0,1824,204421,16581.6714,0:04:52,77.151
2021-07-02,2.4968,76444,3.98,3647678,320,300,98.09,138,655,2371,7099,34.88,0,0,1716,190863,14897.1865,0:04:40,67.963
2021-07-03,2.4877,72340,3.9,3556482,294,312,98.5,98,647,2245,6420,34.27,0,0,1598,179963,13809.9515,0:04:36,61.621
2021-07-04,1.9492,210048,5.26,5939246,3034,680,99.01,312,995,4028,31333,41.42,1,1,3033,409427,38971.2057,0:05:42,201.704
2021-07-05,2.1613,120516,3.95,5043054,552,417,98.23,184,743,2798,10210,35.08,0,0,2055,260466,20614.4467,0:04:44,101.868
2021-07-06,2.2199,97432,3.94,4191003,397,343,97.98,162,743,2469,7847,33.86,0,0,1726,216293,16380.2968,0:04:32,78.811
2021-07-07,2.2828,82468,3.99,3582354,313,351,98.18,128,633,2300,6923,33.72,0,1,1667,188261,14136.2562,0:04:30,68.213
2021-07-08,1.9017,306394,6.37,6855222,3303,1881,99.21,382,1895,9643,48158,44.35,1,0,7748,582662,52890.9777,0:05:26,273.031
2021-07-09,2.119,205876,4.62,6840913,859,1006,98.7,264,1229,6260,19991,36.95,0,0,5031,436244,33941.8143,0:04:40,150.171
2021-07-10,2.0061,262504,4.45,8459525,744,1225,98.62,313,1392,8621,22340,35.58,0,0,7229,526622,38941.2285,0:04:26,175.732
2021-07-11,2.0224,326201,4.3,11012144,952,1517,98.41,433,1703,11060,26752,34.62,0,0,9357,659721,47296.2686,0:04:18,196.477
2021-07-12,2.0465,336415,4.16,12050191,985,1631,98.33,461,1813,10925,27165,34.54,0,3,9112,688481,49538.9236,0:04:19,209.627
2021-07-13,1.9785,482254,4.24,16323501,4059,1944,98.77,664,2177,12474,53444,38.7,1,0,10297,954121,73470.4093,0:04:37,315.962
2021-07-14,2.1527,308855,3.8,12742175,1121,1469,98.32,464,1627,8792,27230,35.36,0,0,7165,664877,48711.4528,0:04:23,225.434
2021-07-15,2.2204,254223,3.73,11253348,908,1203,98.16,420,1444,7427,22448,35.4,0,0,5983,564480,41746.6672,0:04:26,196.007
2021-07-16,2.2347,215776,3.7,9529047,800,1045,98.23,336,1179,6122,18688,34.71,0,1,4943,482193,35371.306,0:04:24,183.527
2021-07-17,1.9985,432303,5.2,11797450,5157,2287,99.05,611,1635,9073,63543,43.24,1,1,7438,863967,61922.3898,0:04:18,315.202
2021-07-18,2.2566,230454,4.18,8911041,1133,1177,98.71,326,1208,6121,24878,38.53,0,0,4913,520037,38102.6183,0:04:23,184.842
2021-07-19,2.29,183683,4.08,7439986,875,878,98.66,265,1023,5059,19507,38.5,0,0,4036,420629,31420.0855,0:04:28,152.425
2021-07-20,2.2775,159174,4.07,6344435,733,813,98.68,219,950,4615,16412,38.12,0,1,3665,362515,26959.0009,0:04:27,139.46
2021-07-21,2.0394,317945,4.94,9480624,5022,1240,99.2,385,1225,6442,47481,45.56,1,0,5217,648406,55365.1371,0:05:07,321.778
2021-07-22,2.2812,173939,4.1,6993303,948,860,98.72,247,973,4541,19074,39.62,0,0,3568,396793,30680.7928,0:04:38,178.083
2021-07-23,2.3774,144833,3.98,6368405,782,721,98.59,227,917,4178,15910,38.87,0,0,3261,344328,26519.5315,0:04:37,142.552
2021-07-24,2.3871,129059,3.87,5877989,692,655,98.57,191,825,3795,13125,37.91,0,0,2970,308076,23466.5604,0:04:34,130.422
2021-07-25,1.9925,281606,4.88,8344831,4195,1041,99.14,369,1339,6149,42510,44.81,1,1,4810,561102,48779.2789,0:05:12,280.984
2021-07-26,2.1738,168970,3.98,6708556,942,641,98.8,215,964,4216,17706,39.45,0,0,3252,367302,29091.2749,0:04:45,170.055
2021-07-27,2.2774,138524,3.79,6120861,641,596,98.79,172,881,3874,14079,37.9,0,0,2993,315478,24475.2637,0:04:39,136.544
2021-07-28,2.3474,123629,3.79,5721797,605,565,98.46,192,867,3735,12310,37.44,0,0,2868,290202,22439.2939,0:04:38,110.324
2021-07-29,2.3872,117552,3.66,5790391,549,554,98.46,185,874,3835,11828,37.21,0,0,2961,280626,21581.3246,0:04:36,110.46
2021-07-30,2.4264,103266,3.7,5097598,451,529,98.36,166,804,3161,9985,36.41,0,1,2357,250560,18974.4709,0:04:32,86.405
2021-07-31,1.9057,296720,4.83,8270313,3878,935,99.18,361,1147,5319,43791,45.17,1,0,4172,565450,49341.4436,0:05:14,232.977
2021-08-01,2.2082,131022,3.75,5615819,615,456,98.7,174,854,3467,13191,37.62,0,0,2613,289324,22222.7905,0:04:36,109.402
2021-08-02,2.2817,115169,3.74,5171539,503,450,98.43,176,801,3204,11025,36.94,0,0,2403,262776,20104.4121,0:04:35,101.99
2021-08-03,2.3556,94562,3.77,4348788,445,425,98.62,125,868,2825,8906,35.74,0,1,1957,222746,16729.8453,0:04:30,81.654
2021-08-04,1.8304,323340,5.36,8024614,4196,883,99.36,299,1092,4718,46588,47.27,1,0,3626,591852,51351.7832,0:05:12,278.116
2021-08-05,2.173,128282,3.83,5293074,555,485,98.77,152,805,2953,12254,38.45,0,0,2148,278753,21235.8958,0:04:34,113.382
2021-08-06,2.1859,108194,3.58,4860115,455,418,98.64,130,748,2735,9430,36.72,0,0,1987,236503,17475.4184,0:04:26,92.765
2021-08-07,2.1807,97717,3.64,4233326,349,331,98.49,124,691,2513,8102,35.46,0,0,1822,213090,15326.0298,0:04:18,79.712
2021-08-08,2.0687,125716,4.04,4489482,555,482,98.9,186,1198,3504,16777,23.83,0,1,2306,260064,17324.6405,0:03:59,77.111
2021-08-09,2.2364,78382,3.52,3660331,306,327,98.27,118,710,2496,6696,34.71,0,2,1786,175297,12646.5249,0:04:19,70.991
2021-08-10,1.8463,367640,6.28,7877841,7467,6513,99.06,586,1467,6484,62055,47.1,1,0,5017,678762,52151.252,0:04:36,283.688
2021-08-11,2.0768,172421,4.33,5935982,1197,2233,98.47,281,979,4100,18091,38.76,0,0,3121,358083,25729.6522,0:04:18,134.72
2021-08-12,2.0631,154621,4.06,5670033,1019,1883,98.53,244,894,4251,16300,37.82,0,0,3357,319004,22575.2304,0:04:14,125.234
2021-08-13,2.0802,157390,3.98,5937372,980,1806,98.32,284,967,4615,16642,37.23,0,0,3648,327405,22419.9104,0:04:06,120.789
2021-08-14,2.0879,141119,3.83,5615808,850,1632,98.29,264,867,4314,15138,36.33,0,0,3447,294636,20138.4593,0:04:06,101.442
2021-08-15,2.1606,130362,3.68,5597826,772,1256,98.34,237,923,4400,14020,35.36,0,0,3477,281663,18966.3012,0:04:02,95.293
2021-08-16,2.2213,125769,3.65,5551530,791,1329,98.24,240,973,4277,13410,35.05,0,1,3304,279372,18889.2817,0:04:03,96.403
2021-08-17,2.2038,125584,3.64,5466149,703,1058,98.55,187,1019,4020,12666,34.47,0,1,3001,276763,18481.268,0:04:00,89.9
2021-08-18,2.1898,111755,3.69,4701927,647,911,98.33,202,927,3443,11877,34.77,0,0,2516,244716,16508.6754,0:04:02,80.406
2021-08-19,2.2156,96523,3.73,4146640,592,776,98.46,170,778,3017,10885,35.13,0,2,2239,213859,14540.6978,0:04:04,68.973
2021-08-20,1.8174,321437,5.73,7148710,11582,1405,99.31,404,1174,4959,58446,45.7,1,2,3785,584188,64133.8247,0:06:35,317.818
2021-08-21,1.9767,166978,3.83,5970422,1328,702,98.95,188,800,3393,17697,37.24,0,1,2593,330062,27659.6401,0:05:01,135.75
2021-08-22,2.2525,295417,5.74,8174484,3506,970,99.16,499,1457,4538,58804,20.37,2,1,3081,665440,48158.0254,0:04:20,236.691
2021-08-23,2.1287,161288,4.1,6067473,801,615,98.64,254,1042,3043,18378,25.19,0,0,2001,343326,25564.7672,0:04:28,134.542
2021-08-24,2.1908,117557,3.61,5222131,564,665,98.65,166,858,2694,12162,29.23,0,0,1836,257547,19446.568,0:04:31,95.708
2021-08-25,2.2231,101585,3.55,4701158,540,449,98.28,171,743,2490,9794,30.02,0,0,1747,225829,16846.3193,0:04:28,82.977
2021-08-26,2.2033,89336,3.66,3972073,363,527,98.53,118,716,2377,7918,31,0,1,1661,196836,14675.4123,0:04:28,71.214
2021-08-27,2.0053,285275,5.79,7218620,7240,1071,99.23,403,1201,4832,52069,45.62,1,0,3631,572051,57535.906,0:06:02,271.946
2021-08-28,2.2191,124185,4.4,4553295,1037,584,98.57,202,821,2837,13931,37.58,0,0,2016,275576,23105.5173,0:05:01,101.652
2021-08-29,2.3156,102031,4.17,4164525,712,510,98.56,159,807,2727,10883,36.39,0,0,1920,236268,19012.0031,0:04:49,74.647
2021-08-30,2.3573,93786,4.19,3900222,580,480,98.73,127,784,2614,9901,35.65,0,0,1830,221082,17332.8427,0:04:42,73.718
2021-08-31,2.3436,93300,4.08,3974012,672,496,98.41,142,799,2852,8791,35.04,0,0,2053,218661,16805.9442,0:04:36,71.828
2021-09-01,2.386,96742,3.93,4403466,593,546,98.5,148,922,3134,9693,34.91,0,1,2212,230829,17677.9182,0:04:35,74.733
2021-09-02,1.9047,338040,5.79,8165461,7340,3065,99.25,476,1747,9037,62654,46.59,1,0,7290,643849,56317.0341,0:05:14,261.879
2021-09-03,2.0738,176488,4.05,6615916,1113,1068,98.63,260,1187,4844,18747,38.86,0,0,3657,366002,28490.2941,0:04:40,132.31
2021-09-04,2.2458,146485,3.81,6395824,796,813,98.54,229,1134,4504,15493,37.53,0,0,3370,328980,25155.6716,0:04:35,109.939
2021-09-05,2.2429,136696,3.85,5848760,663,651,98.43,209,1106,4400,13099,36.36,0,0,3294,306602,22785.3922,0:04:27,97.215
2021-09-06,2.2397,137036,3.83,5946009,673,818,98.19,249,1129,4576,13510,36.16,0,2,3447,306916,22624.0856,0:04:25,100.724
2021-09-07,2.2686,135870,3.89,5891552,667,844,98.36,228,1145,4715,13712,36.59,0,0,3570,308228,22953.3201,0:04:28,101.978
2021-09-08,2.3549,118898,3.89,5344875,588,729,98.06,246,1091,4089,12404,36.82,0,0,2998,279987,21243.3855,0:04:33,97.166
2021-09-09,2.3287,109103,3.81,4939622,472,612,98.37,182,1014,3672,10974,36.12,0,0,2658,254071,18977.4132,0:04:28,85.766
2021-09-10,2.3744,97641,3.75,4594118,489,535,98.04,197,972,3274,9832,35.97,0,0,2302,231843,17194.0794,0:04:26,79.673
2021-09-11,2.3661,95858,3.72,4543152,464,535,98.22,173,1001,3281,9566,35.64,0,0,2280,226812,16747.0432,0:04:25,78.033
2021-09-12,1.8467,271711,5.11,6963580,4334,960,99.1,408,1581,4829,44918,45.16,1,2,3248,501774,39888.6409,0:04:46,216.675
2021-09-13,2.0918,149907,4.08,5465078,742,679,98.41,261,1165,3774,16157,39.19,0,0,2609,313576,23496.1359,0:04:29,125.44
2021-09-14,2.2466,119317,3.98,4782674,574,611,98.31,203,1004,3324,11783,37.54,0,1,2320,268052,19836.2685,0:04:26,99.826
2021-09-15,2.2687,99433,4.03,4059050,480,483,98.31,170,967,2903,9900,37.28,0,2,1936,225581,16896.4954,0:04:29,89.143
2021-09-16,1.9675,274633,5.44,7147880,4418,938,99.28,350,1423,4654,48329,48.46,1,0,3231,540330,51168.0424,0:05:40,291.615
2021-09-17,2.2639,148927,4.03,6080970,729,611,98.72,215,1108,3731,16592,40.44,0,0,2623,337158,27336.0483,0:04:51,147.525
2021-09-18,2.3484,113363,3.9,4995859,540,539,98.4,197,984,3157,12117,38.75,0,0,2173,266218,20999.7588,0:04:43,112.856
2021-09-19,2.3207,112822,3.72,5140093,558,441,98.46,178,1053,3275,11353,37.68,0,0,2222,261821,20159.2703,0:04:37,110.829
2021-09-20,2.367,98239,3.78,4509271,425,453,98.32,163,936,2933,9536,37.28,0,0,1997,232530,17900.4225,0:04:37,107.846
2021-09-21,1.9781,207444,5.19,5641551,1304,740,98.87,326,1398,3319,28492,15.02,1,1,1921,410335,33384.4756,0:04:52,162.287
2021-09-22,2.2721,105872,4.04,4376635,546,399,98.19,195,972,2781,10594,25.75,0,0,1809,240554,19512.3516,0:04:52,126.6
2021-09-23,1.8941,215712,5.83,4854638,2741,764,99.1,312,1221,2953,34422,30.35,1,4,1732,408582,19855.7704,0:02:54,163.558
2021-09-24,2.1319,305881,6.08,7768271,4741,1055,99.09,521,1520,4804,56677,47.81,1,0,3284,652105,54463.2654,0:05:00,397.066
2021-09-25,2.3468,152920,4.51,5788014,671,633,98.53,276,1112,3555,18458,41.24,0,0,2443,358868,26757.4077,0:04:28,178.664
2021-09-26,2.348,132573,4.24,5375782,527,555,98.73,191,1042,3194,14857,39.27,0,0,2152,311277,22117.2441,0:04:15,135.841
Show­ing top 500 res­ults
